mol,molecular_weight,xlogp,complexity,rotatable_bond_count,heavy_atom_count,topological_area
BaO,153.33,,2,0,2,17.1
CrCl3,158.35,,0,0,4,0.0
PBr5,430.49,4.7,37.1,0,6,0.0
WCl5,361.1,,37.1,0,6,0.0
HgI2,454.40,,2.8,0,3,0.0
Zn2SiO4,222.8,,19.1,0,7,92.2
KMgF3,120.399,,0,0,5,0.0
DyF3,219.495,,8,0,4,0.0
UCl4,379.8,,19.1,0,5,0.0
InI3,495.531,,8,0,4,0.0
Cd2P2O7,398.77,,124,0,11,136.0
SeO3,126.97,,61.8,0,4,51.2
CuBr,143.45,,2,0,2,0.0
SrMoO4,247.57,,85.2,0,6,80.3
K2P2O7,252.14,,124,0,11,136.0
PbTe,335,,2,0,2,0.0
PbO,223,,2,0,2,17.1
TiCl2,118.77,,2.8,0,3,0.0
Na2BeF4,130.985334,,2.8,0,7,0.0
AlF3,83.976748,,8,0,4,0.0
CCl4,153.8,2.8,19.1,0,5,0.0
Ag2WO4,463.57,,62.2,0,7,80.3
ZnCl2,136.3,,2.8,0,3,0.0
BiCl3,315.33,,8,0,4,0.0
CaSiO3,116.16,,18.8,0,5,63.2
UF4,314.0225,,19.1,0,5,0.0
TlPO3,283.36,,18.8,0,5,63.2
DyCl3,268.85,,8,0,4,0.0
RbBr,165.37,,2,0,2,0.0
As2S3,246.0,,33.4,0,5,75.9
GdF2,195.2,,2.8,0,3,0.0
SbF5,216.752,,37.1,0,6,0.0
Ag2CrO4,331.730,,62.2,0,7,80.3
UO2,270.028,,18.3,0,3,34.1
Bi2Se3,654.9,,6.9,0,5,0.0
AgCN,133.886,,12.8,0,3,23.8
Na2B4O7,201.2,,121,0,13,92.3
LaF3,195.9007,,8,0,4,0.0
Li3PO4,115.9,,36.8,0,8,86.2
KIO3,214.001,,49.8,0,5,57.2
ThO2,264.036,,18.3,0,3,34.1
LiAlF,52.9,,2,0,3,0.0
MgFe2O4,199.99,,7.5,0,7,80.3
SnCl4,260.5,,19.1,0,5,0.0
ZnMoO4,225.3,,0,0,6,4.0
LiBr,86.9,,2,0,2,0.0
RbNO2,131.473,,13.5,0,4,52.5
Pb2P2O7,5.9e+02,,124,0,11,136.0
Na2S2,110.11,,4,0,4,2.0
PBF2,79.78,,29,0,4,0.0
SnTe,246.3,,2,0,2,0.0
CaNO3,102.08,,18.8,0,5,62.9
NH3,17.031,-0.7,0,0,1,1.0
CsC2H3O2,191.95,,34.6,0,5,40.1
HfO2,210.48,,18.3,0,3,34.1
PbTeO3,383,,18.8,0,5,63.2
AsBr3,314.63,,8,0,4,0.0
WO2,215.84,,18.3,0,3,34.1
MgCO3,84.31,,18.8,0,5,63.2
NiCl2,129.60,,2.8,0,3,0.0
CsCl,168.36,,2,0,2,0.0
Na2S4,174.2,,7.5,1,6,52.6
NaI,149.8942,,2,0,2,0.0
Ti3O,159.60,,0,0,4,1.0
SiBr4,347.70,,19.1,0,5,0.0
CdSe,191.38,,2,0,2,0.0
K3PO4,212.266,,36.8,0,8,86.2
EuS,184.03,,2,0,2,32.1
FeCl3,162.20,,8,0,4,0.0
CdI2,366.22,,0,0,3,0.0
Ca2SO4,176.22,,62.2,0,7,88.6
Sb2S3,339.7,,34.2,0,5,89.5
CsIO3,307.808,,49.8,0,5,57.2
K2SiF6,220.272,,62.7,0,9,0.0
Rb3AlF6,397.375,,62.7,0,10,0.0
LaAlO3,213.885,,0,0,5,3.0
InSb,236.578,,10,0,2,0.0
SmO,166.4,,0,0,2,1.0
MoF6,209.94,,62.7,0,7,0.0
UF6,352.0193,,62.7,0,7,0.0
WOCl4,341.6,,0,0,6,1.0
InCl2,185.72,,2.8,0,3,0.0
RbI,212.372,,2,0,2,0.0
RbCl,120.92,,2,0,2,0.0
SiCl4,169.9,,19.1,0,5,0.0
CuI,190.45,,2,0,2,0.0
CsReO4,383.11,,118,0,6,74.3
Mo,95.95,,0,0,1,0.0
Na2CrO4,161.973,,62.2,0,7,80.3
SrH2,89.64,,0,0,1,0.0
BaF2,175.32,,2.8,0,3,0.0
SO2,64.07,0.1,18.3,0,3,35.1
ZrF4,167.22,,19.1,0,5,0.0
NbCl5,270.2,,37.1,0,6,0.0
NH4I,144.943,,0,0,2,1.0
MgMoO4,184.25,,62.2,0,6,80.3
ZnSiO3,141.5,,18.8,0,5,63.2
PCl3,137.33,2.3,8,0,4,0.0
SbI3,502.473,,8,0,4,0.0
ScF3,101.95112,,8,0,4,0.0
TaCl3,287.30,,8,0,4,0.0
CoBr2,218.74,,2.8,0,3,0.0
KBH4,53.94,,2,0,2,0.0
Gd2O3,362.5,,0,0,5,3.0
AgF,126.867,,0,0,2,0.0
ICl,162.36,1.7,2,0,2,0.0
ZnI2,319.2,,2.8,0,3,0.0
VCI3,443.666,,11.6,0,5,0.0
Ga2S3,235.6,,0,0,5,3.0
CdO,128.41,,2,0,2,17.1
MoO3,143.95,,61.8,0,4,51.2
Eu2O3,351.93,,0,0,5,3.0
MnI2,308.7470,,2.8,0,3,0.0
Rb2O,186.935,,0,0,3,1.0
CSNO3,106.08,0.1,97.9,0,6,88.8
CoSO4,155.00,,62.2,0,6,88.6
Cu2S,159.16,,2.8,0,3,32.1
NaAlCl4,191.8,,19.1,0,6,0.0
AgI,234.773,,2,0,2,0.0
KBF4,125.91,,23,0,6,0.0
Cr2O3,151.990,,34.2,0,5,43.4
LiVO3,105.9,,0,0,5,3.0
NbCl4,234.7,,19.1,0,5,0.0
GaS,101.79,,2,0,2,32.1
KAlCl4,207.9,,19.1,0,6,0.0
InAs,189.740,,10,0,2,0.0
WO3,231.84,,61.8,0,4,51.2
CaWO4,287.92,,62.2,0,6,80.3
NdF3,201.24,,8,0,4,0.0
CsVO3,231.845,,0,0,5,3.0
BaCO3,197.34,,18.8,0,5,63.2
CaCl,75.53,,0,0,2,0.0
MoCl2,166.85,,2.8,0,3,0.0
KVO3,138.038,,49.8,0,5,57.2
KAlSiO4,158.16,,19.1,0,7,92.2
RbIO3,260.370,,49.8,0,5,57.2
NaClAlCl3,191.8,,19.1,0,6,0.0
MoO2,127.95,,18.3,0,3,34.1
Cu3As,265.56,,3.2,0,4,0.0
TeBr4,447.2,,19.1,0,5,0.0
ZnSO4,161.4,,62.2,0,6,88.6
NiBr2,218.50,,2.8,0,3,0.0
K2S,110.26,,0,0,3,1.0
SnF2,156.71,,2.8,0,3,0.0
RbBO2,128.28,,13.5,0,4,40.1
LiClO4,106.4,,118,0,6,74.3
Pb2SiO4,5.1e+02,,19.1,0,7,92.2
Li2SO4,110.0,,62.2,0,7,88.6
BiI2,462.7893,,2.8,0,3,0.0
PbWO4,455,,62.2,0,6,80.3
CaF,59.08,,0,0,2,0.0
MnTiO3,150.803,,0,0,5,3.0
RbVO3,184.408,,0,0,5,3.0
KCN,65.116,,12.8,0,3,23.8
Li2Cr2O7,229.9,,194,0,11,124.0
Ta2O5,441.89,,0,0,7,5.0
In2Te3,612.4,,6.9,0,5,0.0
Sb,121.760,,0,0,1,0.0
ZnWO4,313.2,,0,0,6,4.0
VOCl3,173.30,,0,0,5,1.0
NaCl,58.44,,2,0,2,0.0
LiNO3,69.0,,18.8,0,5,62.9
BBr3,250.53,,8,0,4,0.0
ZnF2,103.4,,2.8,0,3,0.0
BaWO4,385.16,,62.2,0,6,80.3
AgCl,143.32,,2,0,2,0.0
K2BeF4,163.202,,0,0,7,0.0
MgCl,59.76,,0,0,2,0.0
AsI3,455.6350,,8,0,4,0.0
BaI2,391.14,,0,0,3,0.0
K2NbF7,304.092,,96.6,0,10,0.0
Te,127.6,,0,0,1,0.0
CrCl2,122.90,,2.8,0,3,0.0
Li2S,46.0,,0,0,3,1.0
CaAl4O7,260.00,,0,0,12,7.0
Na2WO4,293.82,,62.2,0,7,80.3
Rb2SiF6,313.011,,62.7,0,9,0.0
PCl5,208.2,3.9,37.1,0,6,0.0
TlNO2,250.389,,20,0,4,38.7
InI,241.722,,2,0,2,0.0
TlBr,284.29,,2,0,2,0.0
MgCl2,95.21,,0,0,3,0.0
MnSe,133.91,,2,0,2,0.0
PuCl4,385.9,,0,0,5,0.0
PuCl3,350.42,,8,0,4,0.0
BF3,67.81,,8,0,4,0.0
Cs3PO4,493.688,,36.8,0,8,86.2
NaIAlI3,557.5892,,19.1,0,6,0.0
ThF4,308.031,,19.1,0,5,0.0
BeO,25.012,,2,0,2,17.1
Cs4P2O7,705.57,,124,0,13,136.0
AgBr,187.77,,2,0,2,0.0
CdF2,150.41,,2.8,0,3,0.0
SrWO4,335.46,,62.2,0,6,80.3
KCNS,97.18,,34.5,0,4,24.8
Rb2WO4,418.77,,0,0,7,4.0
K2TaF7,392.133,,96.6,0,10,0.0
Sr3N2,290.9,,6.9,0,5,2.0
RbNO3,147.473,,18.8,0,5,62.9
HgCl2,271.50,,2.8,0,3,0.0
NH4HSO4,115.11,,76,0,6,86.8
GaCl2,140.63,,2.8,0,3,0.0
Co2SiO4,209.95,,19.1,0,7,92.2
VO2,82.940,,18.3,0,3,34.1
CuSO4,159.61,,62.2,0,6,88.6
KCHO2,84.116,,13.5,0,4,40.1
EuO,167.963,,2,0,2,17.1
TlNO3,266.39,,18.8,0,5,62.9
SmCl3,256.7,,8,0,4,0.0
ZnO,81.4,,2,0,2,17.1
NaTiF6,184.847,,0,0,8,0.0
Rb2CrO4,286.929,,62.2,0,7,80.3
Ag2SO4,311.80,,62.2,0,7,88.6
TiCl3,154.22,,8,0,4,0.0
FeF3,112.84,,8,0,4,0.0
Fe3O4,231.53,,0,0,7,4.0
PbCrO4,323,,62.2,0,6,80.3
SeCl2,149.87,,2.8,0,3,0.0
Li2CrO4,129.9,,62.2,0,7,80.3
Ga2Te3,522.2,,6.9,0,5,0.0
MoOCl4,253.8,,0,0,6,1.0
TaCl5,358.2,,37.1,0,6,0.0
YCl3,195.26,,8,0,4,0.0
SrCo3,264.42,,0,0,4,0.0
HgBr2,360.40,,2.8,0,3,0.0
PuO2,276.063,,0,0,3,2.0
CuCl,99.00,,2,0,2,0.0
TeO2,159.6,,18.3,0,3,34.1
NdAlO3,219.22,,0,0,5,3.0
Na2S,78.05,,0,0,3,1.0
AsBr5,474.44,,37.1,0,6,0.0
FeCl2,126.75,,2.8,0,3,0.0
PbF2,245,,2.8,0,3,0.0
NaVO3,121.929,,49.8,0,5,57.2
MgAl2O4,142.27,,18.3,0,7,68.3
MoCl5,273.2,,37.1,0,6,0.0
SiO2,60.084,,18.3,0,3,34.1
CaI2,293.89,,0,0,3,0.0
NiFe2O4,234.38,,36.2,0,7,60.4
VCl4,192.7,,19.1,0,5,0.0
Na2S5,206.3,,13.6,2,7,77.9
H4P2O7,177.98,-3.2,147,2,9,124.0
Li2MoO4,173.9,,62.2,0,7,80.3
NH4ClO4,117.49,,95.8,0,6,75.3
CuWO4,311.38,,62.2,0,6,80.3
CoO,74.933,,2,0,2,17.1
Na2TiF6,207.837,,19.1,0,9,0.0
CdTe,240.0,,2,0,2,0.0
NaCN,49.007,,12.8,0,3,23.8
PbBr2,367,,2.8,0,3,0.0
GaBr3,309.44,,8,0,4,0.0
Cs2O,281.810,,0,0,3,1.0
Zn3As2,346.0,,6.9,0,5,0.0
CaCl2,110.98,,0,0,3,0.0
As2Se3,386.8,,34.2,0,5,0.0
MnCl2,125.84,,0,0,3,0.0
NaClO3,106.44,,49.8,0,5,57.2
GdCl3,263.6,,8,0,4,0.0
NaF,41.9881724,,2,0,2,0.0
MnS,87.01,,2,0,2,32.1
SrV2O6,285.50,,36.5,0,9,114.0
InBr3,354.53,,8,0,4,0.0
CaBr,119.98,,0,0,2,0.0
InTe,242.4,,0,0,2,0.0
MgAlCrO4,167.28,,0,0,7,4.0
BaSiO3,213.41,,18.8,0,5,63.2
BaBr2,297.13,,0,0,3,0.0
Na2U2O7,634.03,,194,0,11,124.0
KH2PO4,136.086,,61.9,0,6,80.6
SnI4,626.33,,19.1,0,5,0.0
NaBr,102.89,,2,0,2,0.0
SrSO4,183.69,,62.2,0,6,88.6
AgIO3,282.771,,36.5,0,5,57.2
Na3FeF6,238.80,,8,0,10,0.0
CsBr,212.81,,2,0,2,0.0
Na2ZrF6,251.19,,19.1,0,9,0.0
TiO2,79.866,,18.3,0,3,34.1
CaF2,78.07,,0,0,3,0.0
SeCl4,220.8,,19.1,0,5,0.0
NiF2,96.690,,2.8,0,3,0.0
RbBF4,172.27,,23,0,6,0.0
Bi2S3,514.2,,34.2,0,5,89.5
VCl2,121.84,,2.8,0,3,0.0
Ga2Se3,376.4,,0,0,5,0.0
MnO,70.937,,2,0,2,17.1
AlF4,102.975151,,19.1,0,5,0.0
NaNO2,68.995,,13.5,0,4,52.5
RbPO3,164.440,,49.8,0,5,57.2
VF3,107.9367,,8,0,4,0.0
K3BeF5,221.299,,8.8,0,9,0.0
HgS,232.66,,2,0,2,32.1
TeI4,635.2,,19.1,0,5,0.0
LiSO4,103.0,,62.2,0,6,88.6
Sb2Se3,480.4,,4.9,0,5,0.0
Na3AlF6,209.941265,,62.7,0,10,0.0
KC2H3O2,98.14,,34.6,0,5,40.1
Na2SO4,142.04,,62.2,0,7,88.6
MnF2,92.93485,,2.8,0,3,0.0
U3O8,842.08,,286,2,11,121.0
MgI2,278.114,,2.8,0,3,0.0
NaHSO4,120.06,,93.2,0,6,85.8
Ag2S,247.80,,2,0,3,32.1
RbC2H3O2,144.51,,34.6,0,5,40.1
Cs2WO4,513.65,,62.2,0,7,80.3
CaAl2O4,158.04,,7.5,0,7,80.3
CaZrO3,179.30,,18.8,0,5,63.2
CeO2,172.115,,18.3,0,3,34.1
Ag2Te,343.3,,2.8,0,3,0.0
SO3,80.07,-0.5,61.8,0,4,52.2
Br2,159.81,1.9,0,0,2,0.0
Na2Si2O5,182.15,,71.2,0,9,89.5
PbI2,461,,2.8,0,3,0.0
KNH2,55.121,,2,0,2,1.0
SbCl5,299.0,,37.1,0,6,0.0
AgS,139.94,,2,0,2,32.1
HgCl,236.04,,2,0,2,0.0
AlCl3,133.34,,8,0,4,0.0
Bi2O3,465.959,,34.2,0,5,43.4
KBO2,81.91,,13.5,0,4,40.1
Bi,208.98040,,0,0,1,0.0
GdF3,214.2,,8,0,4,0.0
BiI3,589.6938,,8,0,4,0.0
K2CO3,138.205,,18.8,0,6,63.2
CeCl3,246.47,,8,0,4,0.0
Fe2SiO4,203.77,,19.1,0,7,92.2
CsF,151.9038551,,2,0,2,0.0
FeI2,309.65,,2.8,0,3,0.0
PBO,57.79,,12.3,0,3,17.1
NaAlO2,81.970,,18.3,0,4,34.1
Rb2CO3,230.944,,18.8,0,6,63.2
K2TiF6,240.054,,62.7,0,9,0.0
HICl4,271.7,4.1,19.1,0,5,0.0
KPO3,118.070,,49.8,0,5,57.2
SrBr2,247.43,,2.8,0,3,0.0
KBr,119.00,,2,0,2,0.0
SrSiO3,163.70,,18.8,0,5,63.2
Ti2O3,143.73,,34.2,0,5,43.4
Ba3N2,440.0,,6.9,0,5,2.0
GeS2,136.8,,18.3,0,3,64.2
ErF3,224.25,,8,0,4,0.0
CuCl2,134.45,,2.8,0,3,0.0
LuCl3,281.32,,8,0,4,0.0
ZrI4,598.84,,0,0,5,0.0
W,183.84,,0,0,1,0.0
AgPO3,186.840,,36.5,0,5,57.2
CaBr2,199.89,,0,0,3,0.0
NiSO4,154.76,,62.2,0,6,88.6
BaSO4,233.39,,62.2,0,6,88.6
N2H4,32.046,-1.5,0,0,2,52.0
ReOCl4,344.0,,0,0,6,1.0
PbMoO4,367,,62.2,0,6,80.3
Ga2O3,187.44,,0,0,5,3.0
TiBr3,287.58,,8,0,4,0.0
CuMoO4,223.49,,62.2,0,6,80.3
NH4Br,97.94,,0,0,2,1.0
Sc2O3,137.910,,34.2,0,5,43.4
PrF3,197.90287,,8,0,4,0.0
NiO,74.693,,2,0,2,17.1
NH4H2PO4,115.03,,49.8,0,6,81.6
LiCl,42.4,,2,0,2,0.0
LaCl3,245.26,,8,0,4,0.0
NaBH4,37.84,,2,0,2,0.0
InI2,368.627,,2.8,0,3,0.0
Cs2SO4,361.88,,62.2,0,7,88.6
PmF3,201.90797,,8,0,4,0.0
Li2CO3,73.9,,18.8,0,6,63.2
Zn2P2O7,304.7,,124,0,11,136.0
SbBr3,361.47,,8,0,4,0.0
KNO2,85.104,,13.5,0,4,52.5
Pb2CrO5,5.5e+02,,64.2,0,8,97.3
Li2O,29.9,,0,0,3,1.0
InCl,150.27,,2,0,2,0.0
MoCl3,202.3,,8,0,4,0.0
K2TaF7 ,392.133,,96.6,0,10,0.0
Tl2Se,487.74,,2.8,0,3,0.0
HoF3,221.92554,,8,0,4,0.0
ReCl5,363.5,,37.1,0,6,0.0
PuF3,301.05941,,8,0,4,0.0
CsI ,259.8099,,2,0,2,0.0
CdWO4,360.25,,0,0,6,4.0
Li2TiF6,175.8,,19.1,0,9,0.0
SnBr4,438.33,,19.1,0,5,0.0
CaSO4,136.14,,62.2,0,6,88.6
CaO,56.08,,2,0,2,17.1
NaBiCl4,373.8,,23,0,6,0.0
Na2C2H3O2,105.02,,25.5,0,6,40.1
ZnS,97.4,,2,0,2,32.1
AlBr3,266.69,,8,0,4,0.0
SmF3,207.4,,8,0,4,0.0
NaAlSi3O8,262.22,,225,5,13,119.0
Rb2TeO3,346.5,,18.8,0,6,63.2
Cs2CO3,325.820,,18.8,0,6,63.2
Y2Si2O7,345.98,,72.1,0,11,148.0
XeF6,245.28,,62.7,0,7,0.0
BeF2,47.008989,,2.8,0,3,0.0
Rb2Cr2O7,386.92,,194,0,11,124.0
LiOH,24.0,,2,0,2,1.0
LuF3,231.9620,,8,0,4,0.0
UBr3,477.74,,8,0,4,0.0
WCl6,396.5,,62.7,0,7,0.0
La2S3,374.0,,0,0,5,3.0
NaOH,39.997,,2,0,2,1.0
RbOH,102.475,,2,0,2,1.0
Na,22.9897693,,0,0,1,0.0
KOH,56.106,,2,0,2,1.0
TlI,331.288,,2,0,2,0.0
TbF3,215.92056,,8,0,4,0.0
K2CrO4,194.190,,62.2,0,7,80.3
TlF,223.382,,2,0,2,0.0
CdCl2,183.32,,2.8,0,3,0.0
Sm2O3,348.7,,0,0,5,3.0
LiMoO4,166.9,,62.2,0,6,80.3
SrF2,125.62,,0,0,3,0.0
DyCl2,233.40,,0,0,3,0.0
SrCl2,158.52,,0,0,3,0.0
FeMoO4,215.79,,62.2,0,6,80.3
KCaF3,136.17,,0,0,5,0.0
CaF2 ,78.07,,0,0,3,0.0
HfF,197.48,,0,0,2,0.0
UO2SO4,366.09,,80.5,0,8,123.0
KBeF3,105.1057,,0,0,5,0.0
Li2WO4,261.8,,62.2,0,7,80.3
K2SO4,174.26,,62.2,0,7,88.6
GdCl2,228.2,,2.8,0,3,0.0
KI,166.0028,,2,0,2,0.0
LiCHO2,52.0,,13.5,0,4,40.1
Cs3AlF6,539.688313,,62.7,0,10,0.0
UN,252.036,,10,0,2,23.8
NdCl3,250.60,,8,0,4,0.0
CaTiO3,135.94,,18.8,0,5,63.2
Cu2O,143.09,,0,0,3,1.0
ThCl4,373.8,,19.1,0,5,0.0
K4P2O7,330.34,,124,0,13,136.0
K2B4O7,233.4,,121,0,13,92.3
CuCN,89.56,,12.8,0,3,23.8
GaI3,450.436,,8,0,4,0.0
SrNb2O6,369.43,,36.5,0,9,114.0
Nb2O5,265.81,,124,0,7,77.5
K2SiO3,154.280,,18.8,0,6,63.2
K2MoO4,238.14,,62.2,0,7,80.3
TeCl4,269.4,,19.1,0,5,0.0
CoFe2O4,234.62,,0,0,7,4.0
NaBeF3,88.997162,,0,0,5,0.0
K3AlF6,258.267,,62.7,0,10,0.0
NiSb,180.453,,10,0,2,0.0
La2O3,325.809,,0,0,5,3.0
CeF3,197.111,,0,0,4,0.0
Na2SiO3,122.063,,18.8,0,6,63.2
Sb2Te3,626.3,,6.9,0,5,0.0
B2O3,69.63,,34.2,0,5,43.4
LiCO3,67.0,,18.8,0,5,63.2
Dy2O3,373.00,,0,0,5,3.0
LiH,8.0,,0,0,1,0.0
VCl3,157.30,,8,0,4,0.0
KClO,90.55,,4.8,0,3,23.1
Na3PO4,163.941,,36.8,0,8,86.2
Ce2O3,328.23,,34.2,0,5,43.4
Fe2O3,159.69,,0,0,5,3.0
PrCl3,247.26,,8,0,4,0.0
HfCl4,320.3,,19.1,0,5,0.0
NdF2,182.24,,0,0,3,0.0
Nd2O3,336.48,,0,0,5,3.0
Cs2Cr2O7,481.80,,194,0,11,124.0
CdSO4,208.48,,62.2,0,6,88.6
CaMoO4,200.03,,62.2,0,6,80.3
CrF3,108.991,,8,0,4,0.0
InCl3,221.17,,8,0,4,0.0
KF,58.0967,,2,0,2,0.0
XeF2,169.29,,2.8,0,3,0.0
CaMgSiO4,156.47,,19.1,0,7,92.2
Tl2SO4,504.83,,62.2,0,7,88.6
SnSe,197.68,,2,0,2,0.0
Rb2MoO4,330.88,,62.2,0,7,80.3
POCl3,153.33,1.7,53,0,5,17.1
Li3AlF6,161.9,,62.7,0,10,0.0
AgVO3,206.808,,36.5,0,5,57.2
CuO,79.55,,2,0,2,17.1
CaNaPO4,158.04,,36.8,0,7,86.2
SrI2,341.43,,2.8,0,3,0.0
KNO3,101.103,,18.8,0,5,62.9
TaCl4,322.8,,19.1,0,5,0.0
Y2O3,225.810,,0,0,5,3.0
HoCl3,271.28,,8,0,4,0.0
GaCl3,176.08,,8,0,4,0.0
KCl,74.55,,2,0,2,0.0
NpF4,313.041784,,0,0,5,0.0
GaSe,148.69,,2,0,2,0.0
CrO3,99.994,,61.8,0,4,51.2
Na2O,61.979,,0,0,3,1.0
GeO2,104.63,,18.3,0,3,34.1
YbF3,230.04,,8,0,4,0.0
Li2SiO3,90.0,,18.8,0,6,63.2
BaNb2O6,419.14,,36.5,0,9,114.0
 KI,166.0028,,2,0,2,0.0
GeBr4,392.25,,19.1,0,5,0.0
NaNO3,84.995,,18.8,0,5,62.9
Ca2Al2SiO7,274.20,,19.1,0,12,95.2
CrF2,89.993,,2.8,0,3,0.0
K2WO4,326.03,,62.2,0,7,80.3
Mg2SiO4,140.69,,19.1,0,7,92.2
NbCl2,163.81,,2.8,0,3,0.0
Cs2CrO4,381.805,,62.2,0,7,80.3
MgWO4,272.14,,62.2,0,6,80.3
Li3VO4,135.8,,36.8,0,8,86.2
ScCl3,151.31,,8,0,4,0.0
Cs2SiF6,407.886,,62.7,0,9,0.0
SnBr2,278.52,,2.8,0,3,0.0
K2O,94.196,,0,0,3,1.0
XeF4,207.29,,19.1,0,5,0.0
Mn3O4,228.812,,0,0,7,4.0
CsNO2,178.911,,13.5,0,4,52.5
CfCl2,319.98,,0,0,3,0.0
ZrP2O7,265.17,,124,0,10,136.0
Na2S2O7,222.11,,194,0,11,140.0
PbS,239,,2,0,2,32.1
K2S2O7,254.33,,194,0,11,140.0
As2Te3,532.6,,34.2,0,5,0.0
SmCl2,221.3,,2.8,0,3,0.0
BCl3,117.2,,8,0,4,0.0
LiNO2,53.0,,13.5,0,4,52.5
P2O5,141.94,-2.1,124,0,7,77.5
LiF,26.0,,2,0,2,0.0
In2S3,325.8,,0,0,5,3.0
Ni2SiO4,209.47,,19.1,0,7,92.2
CoBr,138.84,,2,0,2,0.0
FeF2,93.84,,0,0,3,0.0
FeO,71.84,,2,0,2,17.1
AlOCl,78.43,,0,0,3,1.0
YF3,145.90105,,8,0,4,0.0
GaAs,144.645,,10,0,2,0.0
AlI3,407.6949,,8,0,4,0.0
ErCl3,273.61,,8,0,4,0.0
MgO,40.305,,2,0,2,17.1
K2Cr2O7,294.18,,194,0,11,124.0
CoCl2,129.84,,2.8,0,3,0.0
Li2CO3 ,73.9,,18.8,0,6,63.2
CsI,259.8099,,2,0,2,0.0
FeWO4,303.68,,62.2,0,6,80.3
NiI2,312.502,,2.8,0,3,0.0
BaH2,139.34,,0,0,1,0.0
ZrO2,123.22,,18.3,0,3,34.1
LiPO3,85.9,,49.8,0,5,57.2
NaBF4,109.80,,23,0,6,0.0
ZnBr2,225.2,,0,0,3,0.0
SnF4,194.70,,19.1,0,5,0.0
Li2TiO3,109.8,,18.8,0,6,63.2
GeI4,580.25,,19.1,0,5,0.0
ZrF4+,167.22,,19.1,0,5,0.0
Ag2Se,294.71,,2.8,0,3,0.0
Ba2SiO4,366.74,,25.2,0,7,92.2
GeSe,151.60,,2,0,2,0.0
Nb2O3,233.811,,0,0,5,3.0
Ca2SiO4,172.24,,19.1,0,7,92.2
GeCl4,214.4,,19.1,0,5,0.0
MnSO4,151.00,,62.2,0,6,88.6
GaSb,191.483,,10,0,2,0.0
TiCl4,189.7,,19.1,0,5,0.0
CdMoO4,272.36,,0,0,6,4.0
NH4NO3,80.044,,18.8,0,5,63.9
Na2Cr2O7,261.97,,194,0,11,124.0
KO2,71.097,,0,0,3,34.1
S2Br2,223.9,2.8,6,0,4,50.6
BaMoO4,297.27,,62.2,0,6,80.3
YbCl3,279.4,,8,0,4,0.0
Li4P2O7,201.8,,124,0,13,136.0
Si2OCl6,284.9,,76.2,0,9,9.2
NaClO4,122.44,,118,0,6,74.3
Yb2O3,394.1,,0,0,5,3.0
Li 2WO4,261.8,,62.2,0,7,80.3
H3PO4,97.995,-2.1,49.8,0,5,77.8
BiOI,351.884,,0,0,3,1.0
Ga,69.723,,0,0,1,0.0
NaBO2,65.80,,13.5,0,4,40.1
CsPO3,211.877,,49.8,0,5,57.2
GaTe,197.3,,2,0,2,0.0
HgSO4,296.66,,62.2,0,6,88.6
CdS,144.48,,2,0,2,32.1
CsAlCl4,301.7,,19.1,0,6,0.0
UCl3,344.38,,8,0,4,0.0
CaKCl3,185.53,,0,0,5,0.0
BaCl2,208.23,,2.8,0,3,0.0
Ca3N2,148.25,,6.9,0,5,2.0
Bi2Te3,800.8,,6.9,0,5,0.0
TlCl,239.83,,2,0,2,0.0
K2TiO3,174.062,,18.8,0,6,63.2
BeCl2,79.92,,2.8,0,3,0.0
CsNO3,194.911,,18.8,0,5,62.9
BaTiO3,233.19,,18.8,0,5,63.2
HfF4,254.48,,19.1,0,5,0.0
YbH2,175.06,,0,0,1,0.0
NH4Cl,53.49,,0,0,2,1.0
AsCl3,181.28,,8,0,4,0.0
V2O5,181.88,,124,0,7,77.5
NH3Cl,52.48,,0,0,2,1.0
SnO2,150.71,,18.3,0,3,34.1
UP,269.0027,,10,0,2,0.0
HgI,327.50,,2,0,2,0.0
K2ZrF6,283.41,,62.7,0,9,0.0
NaReO4,273.19,,118,0,6,74.3
MgSiO3,100.39,,0,0,5,3.0
CaCrO4,156.07,,62.2,0,6,80.3
EuCl3,258.32,,8,0,4,0.0
NaPO3,101.962,,49.8,0,5,57.2
SnCl2,189.61,,2.8,0,3,0.0
AgNO3,169.873,,18.8,0,5,62.9
Na2TiO3,141.845,,0,0,6,3.0
SbCl3,228.11,,8,0,4,0.0
PbSe,286,,2,0,2,0.0
NaCHO2,68.007,,13.5,0,4,40.1
S2Cl2,135.0,2.5,6,0,4,50.6
MgBr2,184.11,,0,0,3,0.0
NaH,23.9977,,0,0,1,0.0
SrO,103.62,,2,0,2,17.1
S,32.07,0.5,0,0,1,1.0
RbF,104.466,,2,0,2,0.0
Sb2O3,291.52,,0,0,5,3.0
CaCO3,100.09,,18.8,0,5,63.2
PbSO4,303,,62.2,0,6,88.6
KBF3OH,123.91,,32.3,0,6,20.2
Tl2CO3,468.78,,18.8,0,6,63.2
CsOH,149.913,,2,0,2,1.0
MgSO4,120.37,,62.2,0,6,88.6
FeS,87.91,,2,0,2,32.1
TmF3,225.92943,,8,0,4,0.0
NaC2H3O2,82.03,,34.6,0,5,40.1
CsBO2,175.72,,13.5,0,4,40.1
Er2O3,382.52,,0,0,5,3.0
MnMoO4,214.89,,62.2,0,6,80.3
GeTe,200.2,,2,0,2,0.0
TbCl3,265.28,,8,0,4,0.0
ReCl3,292.56,,8,0,4,0.0
UO3,286.027,,61.8,0,4,51.2
LiBO2,49.8,,13.5,0,4,40.1
MnCl4,196.7,,19.1,0,5,0.0
KClO4,138.55,,118,0,6,74.3
ZnF3,122.4,,8,0,4,0.0
MnCl,90.39,,2,0,2,0.0
TiBr2,207.68,,2.8,0,3,0.0
SiI4,535.703,,19.1,0,5,0.0
PbCl2,278,,2.8,0,3,0.0
TlCl3,310.74,,8,0,4,0.0
NaCNS,81.07,,34.5,0,4,24.8
KClO3,122.55,,49.8,0,5,57.2
ZrCl4,233.0,,19.1,0,5,0.0
NbO2,124.905,,18.3,0,3,34.1
LiC2H3O2,66.0,,34.6,0,5,40.1
SnS,150.78,,2,0,2,32.1
BiBr3,448.69,,8,0,4,0.0
SnS2,182.8,,18.3,0,3,64.2
PdO,122.42,,2,0,2,17.1
H2O,20.028,-0.5,0,0,1,1.0
KReO4,289.30,,118,0,6,74.3
Cs2MoO4,425.76,,62.2,0,7,80.3
SnI2,372.52,,2.8,0,3,0.0
Na2MoO4,205.93,,62.2,0,7,80.3
CdBr2,272.22,,0,0,3,0.0
MgF2,62.302,,2.8,0,3,0.0
YbCl2,243.95,,2.8,0,3,0.0
NbCl3,199.26,,8,0,4,0.0
N2O4,92.011,0.4,60.5,0,6,91.6
CaNO2,86.08,,7.5,0,4,52.5
N2O,44.013,0.5,25.8,0,3,19.1
Al2O3,101.961,,0,0,5,3.0
HF,20.0064,0.6,0,0,1,0.0
BeSO4,105.08,,62.2,0,6,88.6
NaFeCl4,220.6,,10,0,6,0.0
ZrCl2,162.13,,2.8,0,3,0.0
Na4P2O7,265.90,,124,0,13,136.0
CoI2,312.7421,,0,0,3,0.0
Rb2SO4,267.00,,62.2,0,7,88.6
Na2CO3,105.988,,18.8,0,6,63.2
PbTiO3,303,,18.8,0,5,63.2
PBr3,270.69,2.8,8,0,4,0.0
PbSiO3,283,,18.8,0,5,63.2
LiI,133.9,,2,0,2,0.0
EuF3,208.959,,8,0,4,0.0
TaF5,275.9399,,37.1,0,6,0.0
